NAME,SATAVG,Private,Apps,Accept,Enroll,F.Undergrad,P.Undergrad,Outstate,Room.Board,Books,Personal,PhD,Terminal,S.F.Ratio,perc.alumni,Expend,Grad.Rate,rank,state_name,early_career_pay,mid_career_pay,make_world_better_percent,stem_percent,Women,Non-Resident Foreign,Total Minority,total_enrollment
Agnes Scott College,1270,Yes,417,349,137,510,63,12960,5450,450,875,92,97,7.7,37,19016,59,14,Georgia,46000,83600,57,26,0.993127148,0.119129439,0.529209622,873
Alaska Pacific University,1075,Yes,193,146,55,249,869,7560,4120,800,1500,76,72,11.9,2,10922,15,3,Alaska,50300,90000,67,6,0.663212435,0,0.293609672,579
Albertus Magnus College,740,Yes,353,340,103,416,230,13290,5720,500,1500,90,93,11.5,26,8861,63,18,Connecticut,49700,85900,62,2,0.66516129,0.007096774,0.49483871,1550
Albion College,795,Yes,1899,1720,489,1594,32,13868,4826,450,850,89,100,13.7,37,11487,73,7,Michigan,52100,99300,44,23,0.497634069,0.029179811,0.120662461,1268
Alma College,925,Yes,1267,1080,385,1306,28,12572,4552,400,400,79,87,15.3,32,9305,68,15,Michigan,48400,89900,52,15,0.547277937,0.010028653,0.11747851,1396
Amherst College,1460,Yes,4302,992,418,1593,5,19760,5300,660,1598,93,98,8.4,63,21424,100,10,Massachusetts,63800,116500,45,32,0.482700893,0.095982143,0.434709821,1792
Andrews University,1175,Yes,1130,704,322,1586,326,9996,3090,900,1320,62,66,11.5,18,10908,46,21,Michigan,47600,85000,51,7,0.463136337,0.212697484,0.459040374,3418
Appalachian State University,1215,No,7313,4664,1910,9940,1035,6806,2540,96,2000,83,96,18.3,14,5854,70,15,North Carolina,46600,82700,47,9,0.553311883,0.011982692,0.113669145,18026
Arkansas Tech University,1110,No,1734,1729,951,3602,939,3460,2650,450,1000,57,60,19.6,5,4739,48,13,Arkansas,45000,76900,54,7,0.557323779,0.037410432,0.186552241,12002
Auburn University,1260,No,7548,6791,3070,16262,1716,6300,3933,600,1908,85,91,16.7,18,6642,69,1,Alabama,54400,104500,51,31,0.493902439,0.05507101,0.126157765,25912
Baker University,1050,Yes,602,483,206,958,466,8620,4100,400,2250,58,68,11,21,6136,65,10,Kansas,47800,84200,55,2,0.584714237,0.008116334,0.194453838,2957
Barnard College,1487.5,Yes,2496,1402,531,2121,69,17926,8124,600,850,83,93,10.3,33,12580,91,19,New York,59200,109800,57,19,0.998056743,0.074621065,0.371550719,2573
Barry University,1150,Yes,990,784,279,1811,3144,11290,5360,600,1800,76,78,12.6,11,9084,72,24,Florida,47400,84400,66,12,0.656139939,0.066917117,0.520192533,8518
Baylor University,1255,Yes,6075,5349,2367,9919,484,6450,3920,600,1346,71,76,18.5,38,7503,72,12,Texas,55500,101400,49,16,0.5627498,0.042058661,0.306462522,16263
Belmont Abbey College,1117,Yes,632,494,129,709,131,9000,4850,300,2480,78,85,13.2,10,7550,52,14,North Carolina,46700,82900,49,7,0.570512821,0.013461538,0.280769231,1560
Belmont University,1245,Yes,1220,974,481,1964,623,7800,3664,650,900,61,61,11.1,19,7614,49,17,Tennessee,47300,80900,47,3,0.618166759,0.01256212,0.142048592,7244
Beloit College,1295,Yes,1320,923,284,1085,81,16304,3616,355,715,87,95,11.1,26,12957,69,17,Wisconsin,47400,85700,59,24,0.580966999,0.099769762,0.177283193,1303
Benedictine College,1225,Yes,632,620,222,702,501,9550,3850,350,250,64,84,14.1,18,5922,58,3,Kansas,48700,91800,69,13,0.525724977,0.031805426,0.148737138,2138
Bennington College,1050,Yes,519,327,114,457,2,21700,4100,600,500,35,59,10.1,33,16364,55,6,Vermont,48800,90000,50,5,0.672847682,0.109933775,0.145695364,755
Berry College,1218,Yes,1858,1221,480,1620,49,8050,3940,350,2375,80,80,16.3,17,10511,63,12,Georgia,44900,84900,44,21,0.613229215,0.008727607,0.146991272,2177
Boston University,1440,Yes,20192,13007,3810,14971,3113,18420,6810,475,1025,80,81,11.9,16,16836,72,13,Massachusetts,61400,113600,43,25,0.584360987,0.199676134,0.248692078,32112
Bowdoin College,1420,Yes,3356,1019,418,1490,8,19030,5885,1495,875,93,96,11.2,52,20447,96,2,Maine,61300,112000,54,37,0.500277008,0.054293629,0.304709141,1805
Bowling Green State University,1115,No,9251,7333,3076,13699,1213,7452,3352,600,1700,81,89,21.1,14,6918,67,25,Ohio,47200,87500,45,11,,,,
Bradley University,1170,Yes,3767,3414,1061,4531,643,10870,4440,2000,1522,75,81,14.4,21,7671,85,6,Illinois,55600,104900,46,38,0.504339623,0.073018868,0.14245283,5300
Brandeis University,1450,Yes,4186,2743,740,2819,62,19380,6750,410,1000,90,97,9.8,24,17150,84,14,Massachusetts,60600,113200,48,29,0.542977292,0.232800673,0.219848612,5945
Brown University,1515,Yes,12586,3239,1462,5643,349,19528,5926,720,1100,99,100,7.6,39,20440,97,1,Rhode Island,68200,127600,45,43,0.509966235,0.167628799,0.322187126,9181
Bucknell University,1372.5,Yes,6548,3813,862,3316,31,18550,4750,800,1200,95,97,14.2,36,13675,93,5,Pennsylvania,66700,122900,40,40,0.519591611,0.061258278,0.152317881,3624
Butler University,1245,Yes,2362,2037,700,2607,148,13130,4650,500,1600,77,81,10.9,29,9511,83,7,Indiana,51800,99300,53,9,0.593440594,0.028671617,0.112623762,4848
California Polytechnic State University at San Luis Obispo,1335,No,7811,3817,1650,12911,1404,7380,4877,612,2091,72,81,19.8,13,8453,59,12,California,65600,119500,51,38,0.460616269,0.018824928,0.346428218,20186
Calvin College,950,Yes,1784,1512,913,3401,136,10230,3710,400,1210,75,81,14.8,41,7786,81,13,Michigan,50200,91100,54,23,0.553719008,0.106436263,0.130979214,3993
Campbell University,1130,Yes,2087,1339,657,3191,1204,7550,2790,600,500,77,77,21.8,34,3739,63,16,North Carolina,46300,82400,56,8,0.528601869,0.019832814,0.269300115,6101
Carleton College,1479,Yes,2694,1579,489,1870,12,19292,3957,550,550,81,93,10.4,60,17960,91,1,Minnesota,58800,109900,47,45,0.52795333,0.09577054,0.238697132,2057
Carnegie Mellon University,1520,Yes,8728,5201,1191,4265,291,17900,5690,450,1250,86,93,9.2,31,24386,74,1,Pennsylvania,75900,136100,45,66,0.379915786,0.382934774,0.269484389,12587
Carroll College,1190,Yes,1160,991,352,1357,737,12200,3880,480,930,74,81,17.8,25,7666,79,3,Montana,48200,91400,55,25,0.582638889,0.015972222,0.102777778,1440
Carthage College,1090,Yes,1616,1427,434,1405,580,13125,3775,500,1300,74,89,15.9,22,7364,62,18,Wisconsin,48900,85400,48,17,0.539687924,0.005427408,0.136363636,2948
Case Western Reserve University,1470,Yes,3877,3156,713,3051,513,15700,4730,525,1460,95,95,2.9,29,19733,67,1,Ohio,66600,117800,44,37,0.49948937,0.187726302,0.263485285,10771
Catawba College,1070,Yes,1083,880,291,915,80,9270,4100,600,1860,75,82,13.5,27,8425,55,22,North Carolina,42500,78100,58,11,0.531538462,0.026153846,0.283076923,1300
Centenary College of Louisiana,1135,Yes,495,434,210,775,44,8950,3490,600,1900,86,92,11.3,25,9685,66,10,Louisiana,47000,88400,37,26,0.56542811,0.017770598,0.279483037,619
Central College,1130,Yes,1283,1113,401,1355,40,10938,3660,650,600,76,90,13.5,29,8444,67,9,Iowa,49000,88800,55,36,0.521615875,0.01275691,0.075124026,1411
Central Connecticut State University,1065,No,4158,2532,902,6394,3881,5962,4444,500,985,69,73,16.7,4,4900,49,12,Connecticut,53100,93700,45,15,0.501370773,0.016864667,0.277228545,12037
Centre College,1350,Yes,1013,888,288,943,7,11850,4270,600,900,95,99,11.4,60,13118,74,4,Kentucky,49500,88500,52,22,0.517664023,0.062004326,0.134102379,1387
Christian Brothers University,1155,Yes,880,520,224,1068,364,9300,3260,600,900,81,81,11.1,24,8129,63,4,Tennessee,51500,96500,60,14,0.561487702,0.029394121,0.449910018,1667
Christopher Newport University,1215,No,883,766,428,2910,1749,7860,4750,525,1889,80,82,21.2,16,4639,48,17,Virginia,50800,87200,55,25,0.574027964,0.002681479,0.204558514,5221
Claremont McKenna College,1475,Yes,1860,767,227,887,1,17000,6010,500,850,99,99,9.6,52,18443,87,9,California,68500,125400,43,16,0.475830816,0.169939577,0.342145015,1324
Clark University,1310.5,Yes,2887,2059,457,1928,296,17500,4200,500,950,94,95,10.5,35,11951,79,23,Massachusetts,52600,101400,47,14,0.568507157,0.247443763,0.155711364,3423
Clarkson University,1280,Yes,2174,1953,557,2332,53,15960,5580,700,1300,95,95,15.8,32,11659,77,8,New York,66400,130100,58,58,0.305706171,0.082365092,0.116963594,3873
Clemson University,1320,No,8065,5257,2301,11755,770,8116,3610,800,1618,82,88,18,17,7597,73,2,South Carolina,57500,106700,50,39,0.464839639,0.071784783,0.130347257,21857
Coe College,1065,Yes,1006,742,275,1127,205,13925,4390,500,2200,73,86,12.7,32,10141,67,13,Iowa,47200,86900,41,24,0.560584958,0.044568245,0.182451253,1436
Colby College,1465,Yes,2848,1319,456,1720,35,18930,5590,500,1000,83,94,10.2,41,15954,91,4,Maine,59200,103300,50,25,0.529507309,0.106118029,0.201949107,1847
Colgate University,1425,Yes,4856,2492,727,2649,25,19510,5565,500,750,95,98,10.5,45,15494,93,7,New York,68400,130600,41,26,0.543628809,0.087257618,0.198060942,2888
College of Charleston,1185,No,4772,3140,1265,6851,1200,6120,3460,666,2316,73,78,17.2,18,4776,51,8,South Carolina,47300,85100,44,20,0.639752095,0.014664804,0.167335894,11456
College of Saint Benedict,1165,Yes,938,864,511,1715,103,12247,4221,500,600,70,88,13.1,26,8847,72,15,Minnesota,49100,88600,50,18,1,0.045544554,0.143564356,2020
College of the Holy Cross,1330,Yes,2994,1691,659,2675,22,18000,6300,400,900,92,96,11.3,55,12138,95,12,Massachusetts,61800,114600,46,24,0.490132759,0.01435235,0.233584499,2787
College of William and Mary,1400,No,7117,3106,1217,5186,134,11720,4298,600,800,89,92,12.1,31,9534,93,5,Virginia,59000,108900,42,21,,,,
Colorado College,1352.5,Yes,3207,1577,490,1892,7,17142,4190,450,1200,85,97,11.3,51,14664,84,5,Colorado,53100,97900,48,23,0.53701016,0.06918239,0.245766812,2067
Connecticut College,1404.5,Yes,3035,1546,438,1630,232,18740,6300,600,500,86,95,10.7,40,14773,91,8,Connecticut,57500,100800,36,30,0.617894737,0.053684211,0.181052632,1900
Cornell College,1280,Yes,1538,1329,383,1140,10,15248,4323,550,800,71,76,12.2,31,10340,64,6,Iowa,49600,90600,47,22,0.531307551,0.044198895,0.252302026,1086
Creighton University,1250,Yes,2967,2836,876,3450,644,10628,4372,650,2055,85,90,6.5,32,22906,85,2,Nebraska,53500,95800,56,9,0.572486644,0.02379796,0.226323458,8236
Dartmouth College,1500,Yes,8587,2273,1087,3918,32,19545,6070,550,1100,95,99,4.7,49,29619,98,1,New Hampshire,71500,130900,44,35,0.471101937,0.153064465,0.304223563,6298
Davidson College,1200,Yes,2373,956,452,1601,6,17295,5070,600,1011,95,97,12,46,17581,94,3,North Carolina,57300,106900,50,28,0.505649718,0.058757062,0.234463277,1770
Delta State University,1070,No,967,945,459,2806,538,4528,1880,500,1200,49,63,17.1,16,5113,58,8,Mississippi,40800,74200,63,5,0.62091865,0.03071389,0.394576646,3614
Denison University,1330,Yes,2762,2279,533,1835,14,16900,4720,500,600,88,97,11.6,45,12423,81,5,Ohio,54400,104800,45,22,0.576382792,0.072431958,0.243195786,2278
DePauw University,1290,Yes,1994,1656,495,1983,36,14300,5020,550,950,78,94,11.1,31,11525,82,5,Indiana,56600,101000,47,24,0.54221219,0.093905192,0.192776524,2215
Dickinson College,1396.5,Yes,3014,2539,487,1889,62,18700,5000,595,1250,87,94,11.2,39,13861,87,21,Pennsylvania,55800,100100,46,25,0.580795262,0.085871404,0.159052453,2364
Dickinson State University,993,No,434,412,319,1376,237,4486,2146,600,2000,50,64,16.5,28,4525,46,5,North Dakota,46400,81200,55,8,0.60040568,0.054090602,0.129141312,1479
Dillard University,1040,Yes,1998,1376,651,1539,45,6700,3650,500,2307,52,52,14.1,12,7566,61,17,Louisiana,44700,79800,74,20,0.725833333,0.021666667,0.935833333,1200
Dordt College,1040,Yes,604,562,328,1048,56,9800,2650,450,2800,61,60,12.5,17,7325,87,8,Iowa,51000,89600,57,17,0.460589445,0.083618917,0.104866347,1459
Drake University,1300,Yes,2799,2573,839,3322,726,13420,4770,560,1675,88,93,15,24,9473,77,2,Iowa,52800,99900,49,7,0.587514816,0.055511655,0.12109838,5062
Drew University,945,Yes,2153,1580,321,1192,87,18432,5616,520,660,93,97,10.2,28,14907,83,16,New Jersey,52800,95000,37,16,0.590156176,0.085186938,0.291528632,2113
Duke University,1513,Yes,13789,3893,1583,6188,53,18590,5950,625,1162,95,96,5,44,27206,97,1,North Carolina,71100,132100,50,26,0.497666498,0.182832997,0.294904137,15856
Earlham College,1220,Yes,1358,1006,274,1028,13,15036,4056,600,600,90,94,10.6,46,14634,78,13,Indiana,49100,88400,57,31,,,,
East Carolina University,1170,No,9274,6362,2435,13171,1687,7248,3240,500,1700,74,78,13.2,18,9002,58,11,North Carolina,48400,85400,55,11,0.59797899,0.009159972,0.277489004,27511
East Tennessee State University,1010,No,3330,2730,1303,6706,2640,5800,3000,600,2200,73,75,14,9,9825,42,22,Tennessee,43700,77300,57,8,0.579811556,0.033809062,0.12262713,14434
Eastern Connecticut State University,910,No,2172,1493,564,2766,1531,5962,4316,650,500,71,76,16.9,14,5719,50,17,Connecticut,49200,87800,43,14,0.529222622,0.010402875,0.21524494,5287
Eckerd College,870,Yes,1422,1109,366,1363,23,15360,4080,600,1000,82,89,12.8,26,15003,59,17,Florida,49200,88400,52,25,0.620739318,0.042726836,0.177628421,2083
Emory University,1480,Yes,8506,4168,1236,5544,192,17600,6000,600,870,97,98,5,28,28457,96,2,Georgia,62000,110800,44,20,0.565305708,0.159591035,0.338614666,14769
Erskine College,1035,Yes,659,557,167,532,35,10485,3840,475,1246,76,80,13.5,47,7527,67,12,South Carolina,43500,78000,57,28,0.435590969,0,0.207171315,753
Fairfield University,1305,Yes,4784,3346,781,2984,1037,15000,6200,700,1100,86,90,15.1,30,11220,94,4,Connecticut,62300,116900,41,17,0.601405427,0.066367363,0.132149131,5123
Ferrum College,1050,Yes,1339,1107,336,1051,82,9400,4200,500,1600,53,58,12.5,9,7967,22,25,Virginia,43000,80600,54,6,0.472088215,0.009648518,0.412818746,1451
Florida Institute of Technology,1240,Yes,1947,1580,523,1863,233,13900,4140,750,1500,90,90,10.6,7,8923,57,3,Florida,58300,105400,53,48,0.330048491,0.351008916,0.188956671,6393
Florida International University,1150,No,3306,2079,1071,10208,9310,6597,2494,800,3028,81,96,13.9,20,6722,66,13,Florida,49600,90100,51,16,0.559504132,0.072949002,0.801511792,49610
Florida State University,1260,No,11651,8683,3023,18906,3242,6680,4060,600,1020,80,89,23.1,15,7250,58,8,Florida,50800,92700,49,18,0.549289283,0.045481007,0.296851501,41226
Fordham University,1390,Yes,4200,2874,942,4740,1646,14235,6965,600,1735,86,97,14.4,14,10864,80,17,New York,58700,112500,38,10,0.584531548,0.124876896,0.292495568,15231
Fort Lewis College,1085,No,3440,2823,1123,3793,486,6198,3320,500,2500,89,97,19.1,6,4362,46,13,Colorado,48300,82600,55,19,0.486942759,0.01398048,0.412819836,3791
Francis Marion University,1025,No,1801,1655,819,3224,436,5840,3138,400,2430,76,76,19.1,8,5039,43,13,South Carolina,42900,77600,58,18,0.702079108,0.015973631,0.489858012,3944
Franklin College,1070,Yes,804,632,281,840,68,10390,4040,525,1345,54,78,12.5,37,11751,60,16,Indiana,48900,86200,45,21,,,,
Freed-Hardeman University,1090,Yes,895,548,314,1174,50,5500,3340,600,1600,68,76,16.1,13,6078,62,20,Tennessee,43700,78200,54,9,0.584359936,0.017675415,0.166041778,1867
George Mason University,1245,No,5653,4326,1727,9528,3822,10800,4840,580,1050,93,96,19.3,7,6751,46,8,Virginia,58900,105700,48,23,0.537312105,0.063328293,0.384743099,33729
Georgetown College,1085,Yes,727,693,286,1063,48,8100,3950,550,550,73,76,13.3,28,7508,55,9,Kentucky,45000,81900,54,10,0.595879556,0.014263074,0.151347068,1262
Georgia Institute of Technology,1405,No,7837,4527,2276,8528,654,6489,4438,795,1164,92,92,19.3,33,11271,70,1,Georgia,72700,133400,48,80,0.301570817,0.214245532,0.298065689,23109
Georgia State University,1170,No,3793,2341,1238,7732,9054,6744,2655,720,3450,87,89,19,10,7762,34,7,Georgia,50600,90800,47,18,0.589998771,0.046258754,0.593930458,32556
Gettysburg College,1355,Yes,3596,2466,575,1944,46,19964,4328,500,500,94,95,12.1,32,14720,83,12,Pennsylvania,58400,109300,39,24,0.524724152,0.037597058,0.12913772,2447
Gonzaga University,1295,Yes,1886,1524,526,2523,296,13000,4450,600,2400,78,90,14.7,32,9553,69,4,Washington,57800,107600,51,19,0.564472252,0.059983678,0.184983678,7352
Goucher College,1223,Yes,1151,813,248,850,80,15588,6174,500,1200,78,90,9.2,34,16623,77,17,Maryland,49400,90600,42,11,0.708490566,0.011792453,0.225471698,2120
Grinnell College,1450,Yes,2039,1389,432,1333,30,15688,4618,400,400,88,92,9.5,54,18979,83,4,Iowa,53400,96500,49,41,0.546136101,0.131487889,0.253171857,1734
Grove City College,1256,Yes,2491,1110,573,2213,35,5224,3048,525,350,65,65,18.4,18,4957,100,24,Pennsylvania,54400,98400,53,29,,,,
Gustavus Adolphus College,900,Yes,1709,1385,634,2281,50,14125,3600,400,700,79,89,12.5,58,9907,80,7,Minnesota,51200,96800,47,22,0.542124542,0.026455026,0.127391127,2457
Hamilton College,1475,Yes,3140,1783,454,1646,24,19700,5050,300,800,91,96,9.6,60,17761,91,23,New York,62600,108100,45,25,,,,
Hamline University,1225,Yes,1006,825,328,1362,102,13252,4194,450,550,89,93,13,33,10296,65,14,Minnesota,48100,90400,52,5,0.619825464,0.017677333,0.159095995,4469
Hampden-Sydney College,1170,Yes,817,644,307,945,1,13218,4773,660,600,95,97,13.3,53,12263,69,6,Virginia,58300,108600,52,20,0.001809955,0.000904977,0.174660633,1105
Hanover College,1210,Yes,1006,837,317,1024,15,8200,3485,500,1200,84,84,10.6,26,9248,64,18,Indiana,47500,85100,53,24,0.579039301,0.055021834,0.109170306,1145
Harding University,1175,Yes,1721,1068,806,3128,213,5504,3528,700,910,71,77,17.7,37,6466,73,4,Arkansas,49200,88600,47,10,0.573031853,0.055784783,0.112394785,6059
Harvard University,1530,Yes,13865,2165,1606,6862,320,18485,6410,500,1920,97,97,9.9,52,37219,100,2,Massachusetts,74800,146800,54,19,0.485186343,0.166301969,0.31624466,28791
Harvey Mudd College,1520,Yes,1377,572,178,654,5,17230,6690,700,900,100,100,8.2,46,21569,100,1,California,88800,158200,55,85,0.463930348,0.126865672,0.390547264,804
Hastings College,910,Yes,817,708,262,935,37,9376,3272,500,1902,57,63,13,17,7335,52,8,Nebraska,48600,87100,55,14,0.487623762,0.018151815,0.137788779,1212
Hendrix College,1215,Yes,823,721,274,954,6,8800,3195,500,1200,82,99,13.1,26,8588,63,2,Arkansas,48100,90300,58,33,0.549337261,0.055964654,0.175994109,1358
Hofstra University,1275,Yes,7428,5860,1349,6534,1350,11600,5920,1000,1000,81,90,13.9,10,10093,60,18,New York,57300,110400,38,7,0.560485712,0.097872729,0.307039167,10953
Hood College,1205,Yes,699,565,176,710,399,13960,6040,450,690,82,88,14.4,34,12434,72,25,Maryland,47900,82600,49,32,0.635095137,0.065539112,0.230443975,2365
Hope College,1215,Yes,1712,1483,624,2505,208,12275,4341,465,1100,72,81,12.5,40,9284,72,14,Michigan,49200,90900,51,18,0.603473227,0.024602026,0.135166425,3455
Huntingdon College,1025,Yes,608,520,127,538,126,8080,3920,500,1100,63,72,11.4,9,7703,44,14,Alabama,42400,78900,69,14,0.493103448,0.006896552,0.269827586,1160
Illinois Institute of Technology,1320,Yes,1756,1360,478,1911,626,14550,4620,500,700,80,88,12.3,26,12851,56,1,Illinois,64600,118500,47,64,0.355659661,0.483286908,0.188148898,7898
Illinois State University,1100,No,8681,6695,2408,15701,1823,7799,3403,537,2605,77,84,21,16,5569,54,16,Illinois,51200,95000,47,10,0.560223138,0.020616056,0.199805967,20615
Illinois Wesleyan University,1210,Yes,3050,1342,471,1818,23,14360,4090,400,650,77,92,12.9,34,9605,83,12,Illinois,53100,96000,44,18,0.563127311,0.081880613,0.182778658,1893
Indiana State University,1040,No,5659,4761,3147,8596,1949,6892,3706,600,2500,72,76,16.6,8,6996,40,17,Indiana,47900,85600,55,8,0.550709247,0.075703558,0.242054161,13183
Indiana University at Bloomington,1270,No,16587,13243,5873,24763,2717,9766,3990,600,2000,77,88,21.3,24,8686,68,9,Indiana,53600,97100,47,16,0.502348328,0.135599793,0.158264392,46416
Iowa State University,1206.5,No,8427,7424,3441,18676,1715,7550,3224,640,2055,81,88,19.2,22,8420,65,1,Iowa,56100,101300,48,31,0.439814143,0.115580078,0.118048497,34435
James Madison University,1225,No,11223,5285,2082,9652,742,7994,4544,500,732,77,81,17.9,29,5212,98,9,Virginia,57400,102600,42,12,0.595924239,0.023735315,0.171373771,20855
John Brown University,1210,Yes,605,405,284,961,99,6398,3672,400,1350,68,68,13.3,19,8118,75,5,Arkansas,47000,82700,53,9,0.580350877,0.037894737,0.158245614,2850
John Carroll University,1230,Yes,2421,2109,820,3168,392,11700,5550,600,450,89,90,14.5,28,7738,89,11,Ohio,51600,97300,39,16,0.507049892,0.023318872,0.118492408,3688
Johns Hopkins University,1515,Yes,8474,3446,911,3566,1569,18800,6740,500,1040,96,97,3.3,38,56233,90,3,Maryland,67200,117100,57,31,0.519792252,0.176399027,0.30825379,21372
Johnson State College,945,No,833,669,279,1224,345,7656,4690,500,624,80,91,14.4,15,6564,36,14,Vermont,39500,72100,46,2,0.660260384,0.005579665,0.088654681,1613
Judson College,900,Yes,313,228,137,552,67,9414,4554,500,1700,34,55,10.6,30,7840,56,23,Alabama,37900,67600,65,13,,,,
Kansas State University,1440,No,5880,4075,2833,14914,2246,6995,3120,600,2000,76,86,18.5,22,6122,54,2,Kansas,52500,97200,51,18,0.493256884,0.090729226,0.144512638,24766
Keene State College,1070,No,3121,2446,822,3480,776,7870,4157,500,1150,73,73,16.1,13,6195,61,10,New Hampshire,48900,83600,49,8,0.571111559,0.00040347,0.075247125,4957
Kentucky Wesleyan College,1030,Yes,584,497,175,662,121,8000,4150,500,1300,57,65,11.3,32,7058,62,14,Kentucky,42100,76800,65,14,0.459802539,0.007052186,0.166431594,709
Kenyon College,1420,Yes,2212,1538,408,1445,1,19240,3690,750,480,95,95,11.1,46,14067,88,7,Ohio,55000,103800,50,17,0.546329723,0.045728039,0.188327316,1662
Knox College,1265,Yes,1040,845,286,967,24,15747,4062,400,800,88,95,12.7,33,13224,79,15,Illinois,50600,95400,45,24,0.581129378,0.127948535,0.300929235,1399
La Salle University,950,Yes,2929,1834,622,2738,1662,12600,5610,450,3160,90,90,15.1,9,9084,84,15,Pennsylvania,55800,104800,40,5,0.659884652,0.027395066,0.352130727,6242
Lafayette College,1380,Yes,4010,2402,572,2018,226,18730,5740,600,1000,93,96,10.5,38,15365,92,6,Pennsylvania,66500,122500,37,47,0.468637635,0.078306033,0.168597683,2503
Lake Forest College,1237.5,Yes,979,638,271,968,20,16880,3970,920,1320,91,94,10.7,19,15687,77,9,Illinois,55400,102600,46,21,0.574415744,0.09102091,0.303198032,1626
Lamar University,1005,No,2336,1725,1043,5438,4058,4752,3040,508,1463,48,82,18.4,12,5879,26,13,Texas,53300,101200,57,16,0.606310843,0.070560591,0.429875797,14895
Lander University,1050,No,1166,1009,510,2074,341,4938,2987,528,1702,67,77,17,11,6119,51,15,South Carolina,42600,77100,54,9,0.688912809,0.012917115,0.357732329,2787
Lawrence University,1345,Yes,1243,947,324,1129,74,17163,3891,525,975,76,92,10.1,57,13965,77,5,Wisconsin,51500,98800,58,25,0.544672402,0.104566512,0.183984116,1511
Lehigh University,1407.5,Yes,6397,4304,1092,4298,132,18700,5580,750,1130,96,99,12.5,43,14665,91,2,Pennsylvania,69500,134100,45,52,0.446551482,0.155499368,0.188228684,7119
LeTourneau University,1250,Yes,477,417,204,1532,77,8840,4240,600,1400,58,70,20.8,23,6863,56,18,Texas,56600,98900,53,21,0.514810649,0.043494563,0.241469816,2667
Lewis University,1145,Yes,1154,1050,395,2192,1423,10560,4520,500,1200,36,48,14.3,10,7701,61,25,Illinois,49700,89800,53,14,0.599342204,0.013903424,0.303184332,6689
Louisiana College,1010,Yes,2013,1053,212,912,158,5150,3036,500,1655,64,74,10.5,11,7547,59,17,Louisiana,44800,79800,58,4,0.532643312,0.055732484,0.282643312,1256
Louisiana Tech University,1175,No,2397,2144,1525,6720,1822,3957,2325,618,1656,66,77,20,13,4546,45,3,Louisiana,53100,100700,57,24,0.488285078,0.051046771,0.173184855,11225
Loyola Marymount University,1335,Yes,3768,2662,753,3558,436,13592,5916,545,1328,84,88,14.2,10,11677,84,18,California,58500,113300,39,9,0.584130321,0.071150815,0.469889648,9515
Loyola University Chicago,1260,Yes,3579,2959,868,5244,3417,11500,5330,700,2000,94,95,6.2,15,13009,65,12,Illinois,53400,96000,45,15,0.642372029,0.051943152,0.310086782,15902
Luther College,1203,Yes,1549,1392,587,2269,85,13240,3560,600,400,73,85,13.8,38,8949,77,14,Iowa,48200,85900,49,21,0.561844864,0.061215933,0.088050314,2385
Lynchburg College,820,Yes,1756,1500,366,1524,280,12450,5400,450,870,62,66,12.4,24,8832,70,15,Virginia,47700,89100,54,11,0.61878655,0.024488304,0.194809942,2736
Lyndon State College,795,No,535,502,223,959,150,7320,4640,500,600,48,65,12.6,15,7114,51,13,Vermont,41500,75100,49,8,0.428671329,0.007692308,0.104895105,1430
Macalester College,1427.5,Yes,2939,1496,452,1723,113,15909,4772,500,700,85,91,11.9,37,14213,77,6,Minnesota,53600,100400,51,31,0.605402798,0.13555234,0.20791124,2073
Manhattan College,1225,Yes,2432,1730,563,2578,254,12370,6800,500,1800,92,92,13.6,25,10062,79,12,New York,64000,125700,46,40,0.451133501,0.034005038,0.269269521,3970
Marietta College,1070,Yes,1611,960,342,1089,210,13850,3920,470,810,80,97,13.2,30,10223,96,15,Ohio,51200,94300,57,45,0.428666667,0.105333333,0.107333333,1500
Marquette University,1270,Yes,5152,4600,1685,7016,804,11610,4760,600,1950,86,94,13.5,25,9982,77,2,Wisconsin,57800,105900,52,25,0.5250745,0.051426139,0.196594295,11745
Marshall University,1040,Yes,4226,3666,2007,7703,2339,5094,4010,700,1560,77,86,16.6,10,6203,50,9,West Virginia,45000,79700,50,12,0.585382258,0.031761453,0.108437337,13381
Marymount University,1180,Yes,941,772,214,1247,776,11390,5280,500,750,77,82,10.6,17,8575,55,12,Virginia,52300,93100,44,15,0.683231619,0.091833769,0.397558849,3441
Maryville College,1210,Yes,1464,888,176,624,128,11200,4208,500,1642,80,90,11.1,43,8317,51,24,Tennessee,42800,75300,68,16,0.540807914,0.024732069,0.186314922,1213
Massachusetts Institute of Technology,1510,Yes,6411,2140,1078,4481,28,20100,5975,725,1600,99,99,10.1,35,33541,94,1,Massachusetts,86300,155200,52,69,0.373354537,0.291721884,0.326618959,11319
Mayville State University,1075,No,233,233,153,658,58,4486,2516,600,1900,68,68,15.7,11,6971,51,4,North Dakota,43700,81300,44,10,0.564292322,0.026827012,0.165587419,1081
McPherson College,970,Yes,420,293,93,336,80,7950,3750,600,2740,54,54,9.8,45,9754,48,14,Kansas,44500,80900,59,9,0.40060698,0.024279211,0.279210926,659
Mercer University,1310,Yes,2286,1668,564,2943,1260,11985,4081,400,1500,93,95,9.2,15,8995,91,11,Georgia,48500,85100,62,14,0.619971936,0.039873714,0.426449953,8552
Merrimack College,855,Yes,1981,1541,514,1927,1084,12500,6200,375,1000,73,75,16.8,22,8707,80,22,Massachusetts,56000,102500,50,13,0.522625112,0.05783638,0.111177705,3337
Michigan State University,1210,No,18114,15096,6180,26640,4120,10658,3734,504,600,93,95,14,9,10520,71,5,Michigan,55300,100800,46,20,0.514506499,0.1525928,0.173279288,50081
Michigan Technological University,1232.5,No,2618,2288,1032,5524,414,8127,3978,900,1200,82,82,17,25,7473,65,2,Michigan,65000,116300,47,81,0.262994788,0.153965347,0.069164671,7099
Millsaps College,1244.5,Yes,905,834,319,1073,179,11320,4402,550,1350,82,89,12.7,38,11218,58,3,Mississippi,49300,88700,56,24,0.490498812,0.036817102,0.182897862,842
Milwaukee School of Engineering,1282.5,Yes,1217,1088,496,1773,884,11505,3255,1000,2075,35,46,16.7,23,7140,67,1,Wisconsin,65700,117600,50,69,0.240569395,0.121708185,0.122064057,2810
Mississippi College,1085,Yes,594,385,307,1695,721,5580,2830,600,700,77,79,16.5,18,6170,61,5,Mississippi,45200,79500,57,20,0.594101124,0.078250401,0.298756019,4984
Mississippi State University,1155,No,4255,3277,1609,10094,1621,9866,3084,480,1479,77,77,15.9,20,6223,53,1,Mississippi,51100,94100,57,27,0.485946966,0.038732744,0.24754196,20138
Mississippi University for Women,1015,No,480,405,380,1673,1014,4386,2217,600,1500,49,54,15.8,8,5704,63,10,Mississippi,39500,69500,63,2,0.81305638,0.020400593,0.396142433,2696
Montana State University,1185,No,3500,2836,1779,8730,993,5552,3710,550,2300,75,83,17.6,8,6324,37,2,Montana,53700,96200,54,31,,,,
Montclair State University,1110,No,5220,2128,865,6411,3186,3648,4834,700,950,82,87,21.5,9,6717,58,14,New Jersey,50800,95400,42,9,0.632004795,0.027569673,0.404355209,20022
Morehouse College,1000,Yes,3708,1678,722,2852,153,7050,5490,250,600,71,74,17.8,10,8122,83,4,Georgia,55700,98700,58,26,0.000474158,0.031294452,0.951635846,2109
Morningside College,1115,Yes,586,533,239,950,228,10520,3678,500,1000,48,68,13,32,8111,56,19,Iowa,44900,82100,60,6,0.684024088,0.016294722,0.061636557,2823
Mount Marty College,930,Yes,279,276,126,600,435,6844,2980,500,500,45,55,11.7,38,5073,44,8,South Dakota,41400,76500,67,5,0.588187702,0,0.117313916,1236
Muhlenberg College,1285,Yes,2519,1836,462,1656,352,16975,4565,600,850,76,86,12.8,39,10888,83,17,Pennsylvania,53400,101900,43,20,0.597131148,0.01147541,0.13647541,2440
Murray State University,1080,No,2225,1910,1190,5968,955,4738,3110,700,940,72,76,20.2,27,5972,52,12,Kentucky,44800,79900,56,9,0.586329972,0.073614705,0.113322031,11207
New Jersey Institute of Technology,1305,No,1879,1216,483,3311,1646,8832,5376,700,1850,92,98,13.5,19,12529,72,3,New Jersey,64600,121300,51,75,0.250328762,0.169359384,0.453221867,10646
New York University,1510,Yes,13594,7244,2505,12408,2814,17748,7262,450,1000,87,98,7.8,16,21227,71,13,New York,63100,117700,42,18,0.551061412,0.233287332,0.311360961,49274
Newberry College,1045,Yes,872,722,154,601,36,10194,2600,500,1500,57,63,11.4,32,5788,83,19,South Carolina,41200,74700,54,14,0.473924977,0.037511436,0.343092406,1093
North Carolina Wesleyan College,990,Yes,812,689,195,646,84,8242,4230,600,1295,77,77,12.7,11,10090,52,21,North Carolina,45300,78800,62,8,0.581730769,0.040598291,0.530982906,1872
North Central College,1130,Yes,1127,884,308,1310,766,11718,7398,450,1800,73,87,16.4,33,8871,76,19,Illinois,50400,92900,45,9,0.550772264,0.018402892,0.17877095,3043
North Dakota State University,1204.5,No,2968,2297,1610,7368,1128,5834,2744,600,2000,79,83,17,24,6310,42,1,North Dakota,54200,98600,56,27,0.460161389,0.071811216,0.081847155,14747
Northeastern University,1490,Yes,11901,8492,2517,11160,10221,13380,7425,600,1750,73,82,12.9,17,9563,46,16,Massachusetts,62500,109700,46,40,0.493181129,0.275936963,0.206788565,19798
Northern Arizona University,1065,No,5891,4931,1973,11249,2682,6746,3728,620,2342,78,83,21.7,7,6157,41,4,Arizona,49600,90000,56,12,0.588918968,0.044973831,0.323443422,27705
Northern Illinois University,1020,No,10706,7219,2397,14826,1979,7799,3296,470,1750,73,78,17.3,11,6086,56,14,Illinois,53000,95500,47,20,0.506622677,0.052884382,0.337732279,20611
Northwest Missouri State University,1043,No,2729,2535,1257,4787,472,3735,3136,250,1630,62,65,21.7,23,5284,54,13,Missouri,46900,85100,50,26,0.534970238,0.105357143,0.117559524,6720
Northwestern College,1090,Yes,860,811,366,1040,52,9900,3075,300,1800,68,68,14.9,34,6357,68,18,Iowa,44800,82400,42,11,,,,
Northwestern University,1520,Yes,12289,5200,1902,7450,45,16404,5520,759,1585,96,100,6.8,25,26385,92,2,Illinois,63400,115400,46,20,0.469008073,0.154820451,0.293263431,21554
Oakland University,1100,No,3041,2581,1173,6441,3982,9114,4030,400,650,88,90,19.7,13,6637,53,9,Michigan,51300,93300,49,19,0.581266144,0.031677957,0.180759296,20519
Oberlin College,1399,Yes,4778,2767,678,2587,120,19670,5820,575,1119,77,96,10.1,47,16593,83,13,Ohio,53100,96800,47,21,0.553055742,0.073203492,0.223640027,2978
Oglethorpe University,1175,Yes,792,649,186,769,377,12900,4340,600,4110,91,95,13.1,27,8568,67,6,Georgia,52400,91400,50,12,0.583180987,0.060329068,0.356489945,1094
Ohio Northern University,1195,Yes,2936,2342,669,2502,66,15990,4080,600,825,73,78,14.5,31,9979,83,6,Ohio,54400,103900,49,22,0.511231394,0.062787551,0.086874154,3695
Ohio University,1180,No,11023,8298,3183,14861,1310,7629,4095,550,2300,79,87,20.4,13,8811,64,17,Ohio,51400,93300,47,9,0.580655098,0.063079714,0.119177191,29217
Ohio Wesleyan University,1300,Yes,2190,1700,458,1780,48,16732,5650,550,550,93,93,12.1,32,12011,75,9,Ohio,51300,99200,46,21,0.534602076,0.072087659,0.177623991,1734
Oklahoma Baptist University,1095,Yes,758,681,484,1707,705,5390,3140,515,1290,63,71,15.1,18,5511,50,19,Oklahoma,43900,76600,62,8,0.588175846,0.037392623,0.227892875,1979
Oklahoma Christian University,1110,Yes,776,765,351,1419,228,6400,3150,500,1900,58,64,16.2,8,6578,45,7,Oklahoma,49700,87900,57,41,0.461818182,0,0.345454545,2475
Ouachita Baptist University,700,Yes,910,773,450,1310,61,6530,2800,500,1500,63,67,13.3,10,6413,65,8,Arkansas,44100,80200,58,18,0.512325117,0.024650233,0.141239174,1501
Pacific Lutheran University,1263,Yes,1603,1392,504,2580,302,13312,4488,600,1516,78,78,11,23,9431,83,10,Washington,54500,98100,53,20,0.632017273,0.049969155,0.261258482,3242
Pacific University,1200,Yes,943,849,288,1041,35,14210,3994,450,1100,76,76,10.9,22,11216,42,8,Oregon,50200,94000,66,8,0.633791209,0.037637363,0.32967033,3640
Peru State College,1010,No,701,501,458,959,457,2580,2624,500,900,48,100,20.1,24,4870,44,17,Nebraska,42600,74800,50,6,0.599039616,0,0.173269308,2499
Presbyterian College,1115,Yes,1082,832,302,1133,30,11859,3635,554,1429,80,85,13.4,42,8354,85,6,South Carolina,48800,89900,57,14,0.578767123,0.047945205,0.205479452,1460
Princeton University,1515,Yes,13218,2042,1153,4540,146,19900,5910,675,1575,91,96,8.4,54,28320,99,2,New Jersey,75200,139400,48,48,0.453635015,0.209198813,0.324554896,8088
Providence College,1225,Yes,5139,3346,973,3717,1358,14400,6200,450,1100,66,74,18.4,35,8135,96,3,Rhode Island,58900,106900,44,11,0.558791088,0.021398632,0.143834105,4533
Purdue University at West Lafayette,1310,No,21804,18744,5874,26213,4065,9556,3990,570,1060,86,86,18.2,15,8604,67,4,Indiana,60900,110000,48,38,0.416280942,0.22841618,0.143615416,39752
Radford University,1050,No,5702,4894,1742,8077,472,6684,4110,500,900,73,83,19.6,9,4519,62,22,Virginia,48900,82900,53,10,0.576035926,0.008573178,0.227087161,9798
Ramapo College of New Jersey,1190,No,2088,957,362,2745,1938,4449,4860,600,1655,74,95,17.8,8,7333,47,15,New Jersey,51600,95200,41,12,0.559553557,0.016158587,0.262202232,6003
Reed College,1380,Yes,1966,1436,327,1199,61,19960,5490,500,450,90,90,11.8,37,15886,68,3,Oregon,56100,104900,44,26,0.534433286,0.082496413,0.266857963,1394
Rensselaer Polytechnic Institute,1440,Yes,4996,4165,936,4291,16,17475,5976,1230,1100,94,98,15.4,21,15605,70,6,New York,71300,134100,49,78,0.304023409,0.167666423,0.240673007,6835
Rhodes College,1410,Yes,2302,1831,391,1345,59,15200,4768,550,1500,90,96,10.8,47,13388,77,2,Tennessee,51900,97800,46,25,0.578870497,0.02872444,0.195715677,2054
Rider University,1160,Yes,3586,2424,730,2748,1309,13250,5420,700,3100,84,92,12.3,23,11299,70,8,New Jersey,51600,99000,47,5,0.601435587,0.041367586,0.269361541,5294
Ripon College,1050,Yes,587,501,211,735,28,15200,4100,350,650,87,90,9.4,49,12472,64,10,Wisconsin,46300,89600,60,26,0.533333333,0.035714286,0.104761905,840
Roanoke College,1155,Yes,2227,1790,437,1460,239,13425,4425,450,1200,85,89,13,26,9405,72,20,Virginia,48500,85100,53,18,0.596585366,0.028780488,0.151219512,2050
Rocky Mountain College,1077.5,Yes,560,392,270,743,118,8734,3362,600,625,56,78,11.3,27,6422,68,5,Montana,46000,82900,59,12,0.483614697,0.046673287,0.151936445,1007
Roger Williams University,1010,Yes,3304,2804,679,2111,1489,12520,6050,500,730,44,54,16.4,8,7957,61,8,Rhode Island,52900,92700,48,12,0.505733006,0.0497543,0.104627355,4884
Rollins College,965,Yes,1777,1151,382,1668,1052,16425,5220,955,750,81,85,13.3,23,11561,90,18,Florida,49000,87000,53,7,0.586217649,0.069223573,0.274711568,3207
Sacred Heart University,1250,Yes,2307,1896,509,1707,1889,11070,5780,400,600,71,73,14.8,16,7120,82,9,Connecticut,55000,100500,46,15,0.666752345,0.045495438,0.14728184,7781
Saint Ambrose University,1110,Yes,897,718,276,1345,390,10450,4020,500,1500,56,56,14.1,16,7444,70,17,Iowa,46900,84400,48,8,,,,
Saint Anselm College,1230,Yes,2095,1553,514,1873,94,12950,5400,450,1120,70,82,14.5,29,6719,97,2,New Hampshire,56400,100300,59,11,0.602642276,0.006097561,0.073170732,1968
Saint Cloud State University,1135,No,3971,3306,1921,11493,2206,4259,2625,350,1884,70,75,18.9,10,4629,58,11,Minnesota,51600,91600,50,15,,,,
Saint Joseph's University,1215,Yes,2519,2003,776,2473,1314,12750,6350,350,1690,84,90,17.4,13,8243,83,14,Pennsylvania,57300,105100,41,6,,,,
Saint Louis University,1325,Yes,3294,2855,956,4576,1140,11690,4730,800,6800,84,94,4.6,19,18367,67,4,Missouri,54200,95300,56,13,0.58667605,0.057060755,0.204140277,17052
Saint Mary's College,1160,Yes,888,734,393,1433,27,12730,4514,500,1525,74,95,9.9,31,11165,98,12,Indiana,49700,89300,54,15,,,,
Saint Michael's College,990,Yes,1910,1380,463,1715,106,13030,5860,500,750,79,88,14.5,34,10190,84,4,Vermont,52900,98500,40,18,0.589763178,0.046982429,0.092055004,2618
Saint Xavier University,1125,Yes,785,647,295,1670,726,10860,4624,600,794,87,100,13.7,15,8953,55,20,Illinois,49400,91200,60,10,0.688190523,0.003191751,0.438251903,4073
Samford University,1195,Yes,1680,1395,691,2959,402,8236,3700,569,1650,74,75,14.7,17,9533,61,5,Alabama,48400,90500,52,3,0.624771944,0.031015609,0.149604703,4933
Santa Clara University,1410,Yes,4019,2779,888,3891,128,13584,5928,630,1278,88,92,13.9,19,10872,100,6,California,69900,134700,44,29,0.500388242,0.134553522,0.38025513,9015
Seattle Pacific University,1175,Yes,1183,1016,411,1922,704,12669,4875,600,1250,83,85,16.8,20,10368,66,6,Washington,53600,103400,52,9,0.676547309,0.036755988,0.293573631,4217
Seattle University,1225,Yes,2115,1540,494,2993,347,12825,4375,500,1500,85,85,12.2,16,10175,89,1,Washington,60600,113700,59,12,0.597690087,0.091159082,0.327100234,7273
Seton Hall University,1285,Yes,4576,3565,1000,4384,1530,12000,6484,650,1000,81,84,14.4,15,10080,64,5,New Jersey,57100,103800,45,8,0.586060039,0.042276929,0.350992002,9627
Simpson College,1085,Yes,1016,872,300,1116,602,11250,4980,550,1400,66,73,15.8,36,7411,70,11,Iowa,49900,88600,47,17,,,,
Smith College,1450,Yes,2925,1598,632,2479,95,18820,6390,500,1050,85,97,10.3,44,21199,90,24,Massachusetts,52700,98200,51,26,0.979257277,0.129809301,0.303780529,2989
South Dakota State University,1100,No,2807,2589,1701,7000,1103,3811,2190,500,1970,62,65,15,29,5084,67,2,South Dakota,50500,91900,58,18,0.534481384,0.05580802,0.080124372,12543
Southeast Missouri State University,1010,No,2281,1870,1408,6553,1246,4680,3540,200,2150,75,76,17.1,8,5916,45,20,Missouri,43700,79100,52,9,0.573095061,0.08778026,0.115909655,12087
Southern Illinois University at Edwardsville,1065,No,2540,2195,994,6063,2550,5472,3598,221,2216,76,81,16.5,8,7498,43,24,Illinois,51400,90100,50,21,0.541511595,0.03006012,0.220083023,13972
Southern Methodist University,1425,Yes,4301,3455,1166,4892,387,12772,5078,576,1802,74,88,13.5,17,12726,72,5,Texas,59700,110400,46,22,0.479506742,0.13156494,0.252750177,11272
Southwestern University,1240,Yes,1244,912,352,1177,43,11850,4675,600,1050,83,89,11.3,35,12995,67,25,Texas,51800,93500,51,19,,,,
Spalding University,1015,Yes,283,201,97,589,263,8400,2800,600,900,50,56,10.6,40,6860,89,13,Kentucky,44800,79200,71,0,0.734746863,0.003461705,0.254435309,2311
Spelman College,1175,Yes,3713,1237,443,1971,107,7000,5565,660,2400,73,80,12.5,18,9988,65,10,Georgia,50200,85400,52,24,1,0.01498829,0.901639344,2135
St. John's College,1385,Yes,323,278,122,393,4,16150,5450,275,800,63,72,7.2,26,15622,64,7,Maryland,55900,101200,,0,,,,
Stephens College,1100,Yes,450,405,194,614,388,13900,5200,450,2150,46,63,10.9,17,9995,59,24,Missouri,42800,77200,47,6,0.964037123,0.002320186,0.249419954,862
Stetson University,1192.5,Yes,1557,1227,489,1964,81,12315,4565,600,1365,85,90,12.5,24,10307,73,21,Florida,47000,86000,44,7,0.562243171,0.051003142,0.262750786,4137
Stevens Institute of Technology,1440,Yes,1768,1249,380,1263,11,16900,5680,450,750,89,89,19,33,12837,79,1,New Jersey,75100,139900,47,79,0.283755102,0.30955102,0.140081633,6125
Stonehill College,715,Yes,3646,2300,585,2022,926,12170,6172,480,800,79,79,13,30,7495,97,19,Massachusetts,55900,103200,42,18,0.592381786,0.007880911,0.129597198,2284
Tabor College,910,Yes,257,183,109,396,38,7850,3410,400,1500,55,70,10,15,7233,53,20,Kansas,43300,77500,62,7,0.494778068,0.015665796,0.237597911,766
Taylor University,850,Yes,1769,1092,437,1757,81,10965,4000,450,1250,60,61,14.2,32,8294,98,10,Indiana,48700,90600,59,16,0.564305685,0.047064306,0.097390494,2146
Texas Christian University,1240,Yes,4095,3079,1195,5064,660,8490,3320,650,2400,81,93,14.8,23,9158,64,19,Texas,56000,98700,51,9,0.592046247,0.051928636,0.19744842,10033
Transylvania University,1190,Yes,759,729,244,867,51,10900,4450,500,1000,81,91,12.1,41,10219,70,7,Kentucky,47900,85600,51,25,0.58382643,0.035502959,0.127218935,1014
Trinity University,1374,Yes,2425,1818,601,2110,95,12240,5150,500,490,94,96,9.6,20,14703,93,11,Texas,54900,102900,46,27,0.53125,0.069078947,0.333470395,2432
Tuskegee University,1025,Yes,2267,1827,611,2825,144,6735,3395,600,1425,70,74,12.2,7,10872,65,4,Alabama,54500,93500,61,30,0.597808572,0.006445375,0.775056397,3103
University of Alabama at Birmingham,1280.5,No,1797,1260,938,6960,4698,4440,5175,750,2200,96,96,6.7,16,16352,33,8,Alabama,48600,87200,57,17,0.603700931,0.035565301,0.320515563,18698
University of California at Berkeley,1415,No,19873,8252,3215,19532,2061,11648,6246,636,1933,93,97,15.8,10,13919,78,7,California,70700,131800,49,36,0.501823506,0.161799547,0.487501664,37565
University of California at Irvine,1310,No,15698,10775,2478,12677,864,12024,5302,790,1818,96,96,16.1,11,15934,66,16,California,59600,116000,49,34,0.517719876,0.140594323,0.63888057,30051
University of Central Florida,1260,No,6986,2959,1918,12330,7152,6618,4234,700,1600,80,98,22.2,9,6742,46,16,Florida,49700,88600,50,16,0.550989846,0.024931295,0.410436586,60767
University of Charleston,1072.5,Yes,682,535,204,771,611,9500,3540,400,750,26,58,2.5,10,7683,57,8,West Virginia,44600,81900,51,4,0.549028896,0.063003316,0.17148271,2111
University of Chicago,1545,Yes,6348,2999,922,3340,39,18930,6380,500,1254,99,99,5.3,36,36854,90,4,Illinois,64000,114200,41,22,0.420017222,0.215340796,0.255812413,15097
University of Cincinnati,1250,No,6855,5553,2408,11036,2011,8907,4697,556,1851,89,95,10.8,6,13889,54,11,Ohio,53600,97300,50,19,0.535496843,0.08758814,0.155296916,35313
University of Dallas,1250,Yes,681,588,246,1058,73,10760,6230,500,1200,85,93,13.4,26,8731,63,21,Texas,53000,96400,49,16,0.46899529,0.114992151,0.332810047,2548
University of Dayton,1230,Yes,6361,5293,1507,5889,665,11380,4220,500,900,81,85,14.8,25,8894,93,4,Ohio,57400,105000,44,33,0.477034294,0.156572335,0.090011461,11343
University of Delaware,1247.5,Yes,14446,10516,3252,14130,4522,10220,4230,530,1300,82,87,18.3,15,10650,75,1,Delaware,58600,105400,43,22,0.562477954,0.088580247,0.190696649,22680
University of Denver,1295,Yes,2974,2001,580,2666,554,15192,4695,400,1350,84,91,15.9,21,11762,67,4,Colorado,55700,105100,48,12,0.563045135,0.106867643,0.187399441,11809
University of Detroit Mercy,1155,Yes,927,731,415,2149,2217,11130,3996,600,2166,72,79,13.5,14,10891,51,10,Michigan,51800,92800,57,13,0.596764408,0.116481294,0.207077856,4945
University of Dubuque,905,Yes,576,558,137,662,131,10430,3620,400,1500,85,98,16.5,18,8767,45,21,Iowa,44200,79700,48,7,0.438943894,0.027817067,0.228194248,2121
University of Evansville,1150,Yes,2096,1626,694,2551,407,11800,4340,700,960,60,81,15.8,26,7780,77,11,Indiana,50300,89900,54,17,0.563303467,0.126606934,0.091156993,2567
University of Florida,1385,No,12445,8836,3623,24470,3286,7090,4180,630,1530,88,97,13.4,20,14737,66,4,Florida,55800,102800,52,29,0.542267333,0.086839605,0.328838027,49459
University of Georgia,1360,No,11220,7871,3320,19553,2748,5697,3600,525,1755,88,95,14.7,22,7881,63,3,Georgia,54400,100700,45,14,0.576071824,0.04940762,0.239423815,35197
University of Hartford,1175,Yes,5081,4040,1194,3768,1415,14220,6000,500,1440,61,76,10.7,9,10625,66,7,Connecticut,55200,101600,53,15,0.513422327,0.070998973,0.275194367,6817
University of Hawaii at Manoa,1185,No,3580,2603,1627,11028,2411,4460,3038,687,1281,85,87,11.8,6,12833,54,3,Hawaii,51600,91600,56,18,,,,
University of Illinois at Chicago,1195,No,14939,11652,5705,25422,911,7560,4574,500,1982,87,90,17.4,13,8559,81,3,Illinois,62600,115300,44,36,0.449069561,0.22066903,0.284138237,45140
University of Illinois at Urbana-Champaign,1415,No,8384,5727,2710,13518,2916,7230,5088,630,3228,82,84,10,6,13883,34,7,Illinois,56300,103800,48,31,0.536665594,0.092817047,0.485108513,27969
University of Indianapolis,865,Yes,1487,1276,388,1417,1646,11120,4080,525,1405,55,56,11.1,23,6735,69,21,Indiana,47300,84500,55,5,0.672730614,0.077912532,0.160786476,5442
University of Kansas,1210,No,8579,5561,3681,17880,1673,6994,3384,700,2681,88,94,13.7,17,9657,57,1,Kansas,53000,98600,52,16,0.513245033,0.089624724,0.184988962,27180
University of Louisville,1160,No,4777,3057,1823,9844,6198,6540,3600,530,2440,84,92,11.1,24,10207,31,5,Kentucky,49500,87600,50,18,0.515653263,0.028616483,0.215249757,21561
University of Maine at Farmington,1170,No,1208,803,438,1906,344,6810,3970,450,1647,67,75,15.9,26,5712,59,13,Maine,41100,71700,64,5,0.668877551,0.007142857,0.066326531,1960
University of Maine at Machias,1005,No,441,369,172,633,317,6600,3680,600,400,46,46,15.1,4,5935,64,16,Maine,37100,66200,47,13,0.675308642,0.012345679,0.107407407,810
University of Maine at Presque Isle,945,No,461,381,235,974,503,6600,3630,400,1675,67,67,15.2,11,6408,35,14,Maine,39000,70700,58,6,0.642355009,0.061511424,0.074692443,1138
University of Maryland at College Park,1420,No,14292,10315,3409,19340,3991,8723,5146,550,1550,89,92,18.1,12,9021,63,4,Maryland,61300,113400,50,33,0.467428875,0.114676948,0.357165647,37610
University of Massachusetts at Amherst,1355,No,14438,12414,3816,16282,1940,8566,3897,500,1400,88,92,16.7,15,10276,68,20,Massachusetts,57400,103000,46,24,0.494080671,0.07508294,0.186415226,28635
University of Miami,1380,Yes,7122,5386,1643,7760,876,16500,6526,630,1985,82,94,5.9,17,17500,59,6,Florida,56200,99600,48,22,0.511035145,0.16456759,0.365899004,16674
University of Michigan at Ann Arbor,1445,No,19152,12940,4893,22045,1339,15732,4659,476,1600,90,98,11.5,26,14847,87,3,Michigan,63500,112200,45,38,0.478762178,0.137856734,0.229638968,43625
University of Minnesota at Duluth,1215,No,4192,3126,1656,5887,1254,8828,3474,753,2610,79,91,19,11,6393,53,9,Minnesota,53200,95700,48,30,0.469575408,0.026593347,0.10574236,11093
University of Minnesota at Morris,970,No,1458,874,588,1846,154,9843,3180,600,1500,74,78,14.6,16,6716,51,22,Minnesota,46100,85300,53,27,0.538704581,0.092680358,0.255397578,1899
University of Mississippi,1125,No,3844,3383,1669,7524,804,4916,3810,600,550,81,86,20.3,14,6971,53,2,Mississippi,48500,89100,55,12,0.561036306,0.035239746,0.21219393,22503
University of Mobile,860,Yes,452,331,269,1417,301,6150,3680,550,1200,59,63,16.6,4,5412,52,19,Alabama,40600,74100,77,7,0.66375,0.033125,0.295625,1600
University of Montevallo,1085,No,1351,892,570,2385,331,4440,3030,300,600,72,72,18.9,8,5883,51,22,Alabama,38900,70700,49,7,0.673615635,0.012703583,0.205863192,3070
University of Nebraska at Lincoln,810,No,6277,6003,3526,16454,3171,5595,3145,500,2070,86,92,15.1,48,6813,53,1,Nebraska,51500,96700,53,20,0.477645365,0.09937615,0.119771255,25006
University of New England,1175,Yes,1209,750,265,820,159,11450,5045,900,2500,72,75,11.4,13,9718,64,6,Maine,50100,91500,69,7,0.714107948,0.006999533,0.141235029,6429
University of New Hampshire,950,No,9750,7640,2529,10358,1338,11180,3862,650,2450,89,87,17.5,16,7855,75,2,New Hampshire,54300,100300,50,23,0.547529272,0.036449031,0.078256268,15117
University of North Carolina at Chapel Hill,1260,No,14596,5985,3331,14609,1100,8400,4200,550,1200,88,93,8.9,23,15893,83,5,North Carolina,55000,100800,49,19,0.565677021,0.054985413,0.279320405,29135
University of North Carolina at Charlotte,1220,No,5803,4441,1730,10099,3255,7248,3109,600,1900,79,91,16.8,7,6227,62,8,North Carolina,52500,92600,49,25,0.494786695,0.062155812,0.32014098,27238
University of North Dakota,1200,No,2777,2249,1652,8334,1435,5634,2703,450,1200,97,97,15.9,16,9424,49,2,North Dakota,53800,96000,54,16,0.473768952,0.066818731,0.110224071,14906
University of North Florida,1105,No,1800,1253,560,3876,3588,6634,4360,600,2604,82,85,17.8,14,6104,47,19,Florida,48800,86600,51,11,0.561624124,0.023148148,0.28272022,15984
University of Northern Colorado,1090,No,5530,4007,1697,8463,1498,7731,4128,540,2286,75,75,21.5,8,6309,40,12,Colorado,47700,87100,52,7,0.65626556,0.030705394,0.235186722,12050
University of Northern Iowa,1085,No,4144,3379,1853,10135,1448,6197,2930,595,2380,78,82,16.3,26,6333,77,15,Iowa,47100,85300,46,8,0.582243461,0.052481556,0.089369551,11928
University of Notre Dame,1480,Yes,7700,3700,1906,7671,30,16850,4400,600,1350,96,92,13.1,46,13936,97,2,Indiana,67000,130500,45,28,0.455456113,0.09779128,0.210197882,12179
University of Oregon,1120,No,8631,6732,2546,11669,1605,10602,3660,570,1530,79,87,19.7,13,8020,54,7,Oregon,51800,95800,46,13,0.522783865,0.130104582,0.223813081,24096
University of Pennsylvania,1525,Yes,12394,5232,2464,9205,531,17020,7270,500,1544,95,96,6.3,38,25765,93,3,Pennsylvania,72800,133900,41,21,0.526767717,0.183786181,0.314641619,24806
University of Portland,1262.5,Yes,1758,1485,419,2041,174,12040,4100,600,1100,92,96,13.2,17,9060,72,3,Oregon,58500,104900,52,28,0.590876177,0.043688149,0.304127444,4143
University of Puget Sound,1260,Yes,4044,2826,688,2738,138,16230,4500,630,1800,79,86,15,17,11217,63,8,Washington,54200,101300,45,21,0.589879689,0.003892427,0.234253362,2826
University of Rhode Island,1190,No,9643,7751,1968,8894,2456,10330,5558,500,1250,84,89,16.6,7,9158,63,5,Rhode Island,54500,99700,50,18,0.547764166,0.033673285,0.185203066,16571
University of Richmond,1345,Yes,5892,2718,756,2854,594,14500,3285,700,1125,75,89,11.7,32,11984,100,7,Virginia,59800,107500,48,13,0.542563367,0.088235294,0.231946437,4182
University of Rochester,1445,Yes,8766,5498,1243,5071,438,17840,6582,500,882,93,99,5.9,23,26037,80,16,New York,61100,112700,50,32,0.508679928,0.235985533,0.200090416,11060
University of San Diego,1282.5,Yes,3934,2735,886,3698,217,13600,5940,630,1820,93,96,15.6,13,10813,66,25,California,58900,109400,48,12,0.570247934,0.073182417,0.34938316,8349
University of San Francisco,1290,Yes,2306,1721,538,4309,549,13226,6452,750,2450,86,86,13.6,8,10074,62,23,California,60600,109900,52,6,0.62905791,0.160538872,0.467209281,10689
University of Scranton,1190,Yes,4471,2942,910,3674,493,11584,5986,650,800,83,83,14.1,41,9131,92,23,Pennsylvania,56400,99700,42,12,0.571121846,0.023438898,0.146179996,5589
University of South Carolina at Aiken,1030,No,848,560,377,1855,1412,5800,3066,500,1500,62,62,14.8,3,5035,48,18,South Carolina,41600,75100,58,10,0.632694541,0.031358885,0.338269454,3444
University of South Florida,1235,No,7589,4676,1876,14770,10962,6760,3776,500,2180,84,89,17,7,11020,47,10,Florida,49700,91300,49,25,0.557537317,0.077304592,0.378391912,41938
University of Southern California,1475,Yes,12229,8498,2477,13259,1429,17230,6482,600,2210,90,94,11.4,10,17007,68,11,California,64500,120600,47,23,0.520858361,0.228699974,0.395189975,42453
University of Southern Mississippi,1015,No,2850,2044,1046,9260,1387,4652,2470,500,500,78,99,18.7,23,5917,45,4,Mississippi,45100,83900,56,11,0.631692807,0.025351541,0.340724716,14792
University of Tulsa,1220,Yes,1712,1557,696,2936,433,11750,4160,1200,2350,94,96,11.5,10,11743,47,1,Oklahoma,58700,107200,51,36,0.425032038,0.261640325,0.173430158,4682
University of Utah,1285,No,5095,4491,2400,13894,8374,6857,3975,858,3093,89,93,12.8,9,9275,37,2,Utah,54800,102600,57,22,0.445121371,0.088973505,0.190226876,31515
University of Vermont,1325,No,7663,6008,1735,7353,1674,15516,4928,500,990,87,90,9.9,10,12646,79,2,Vermont,53200,99400,50,22,0.555693839,0.043014935,0.113098942,12856
University of Virginia,1440,No,15849,5384,2678,11278,114,12212,3792,500,1000,90,92,9.5,22,13597,95,3,Virginia,64500,117500,46,23,0.540409574,0.084822181,0.247471768,23732
University of Washington,1335,No,12749,7025,3343,20356,4582,8199,4218,708,2172,96,94,9,10,16527,65,2,Washington,61900,112300,51,34,0.521815827,0.149093426,0.346373705,44784
University of Wisconsin-Stout,1120,No,2593,1966,1030,6038,579,6704,2592,376,1750,78,78,21,17,6254,65,11,Wisconsin,50400,89500,47,14,0.492441984,0.037364275,0.093676815,9394
University of Wisconsin at Whitewater,1085,No,4400,3719,1472,7804,1552,6950,2500,300,1200,90,95,23.1,16,5559,67,12,Wisconsin,48900,89300,44,8,0.505256242,0.014701051,0.147585414,12176
University of Wisconsin at Madison,1410,No,14901,10932,4631,23945,2200,9096,4290,535,1545,93,96,11.5,20,11006,72,3,Wisconsin,57300,104400,48,33,0.507324288,0.124677215,0.147448237,42598
University of Wisconsin at Milwaukee,1215,No,5244,3782,1930,11561,7443,8786,2964,570,1980,79,87,15.9,8,8094,38,9,Wisconsin,50600,90300,50,17,0.528156255,0.05667488,0.249565154,27596
University of Wyoming,1140,No,2029,1516,1073,7535,1488,5988,3422,600,1500,91,94,15.1,13,8745,45,1,Wyoming,52400,98800,58,25,0.519578783,0.06723869,0.113182527,12820
Upper Iowa University,960,Yes,663,452,192,1481,1160,8840,3060,500,1000,69,75,17.4,19,3733,78,24,Iowa,44200,78000,56,3,,,,
Ursinus College,1280,Yes,1399,1026,308,1131,17,14900,5160,500,800,82,85,11.6,40,12082,79,18,Pennsylvania,54400,101800,42,40,,,,
Valley City State University,1062.5,No,368,344,212,863,189,4286,2570,600,2000,39,41,14.9,25,4958,40,8,North Dakota,39900,68600,56,3,0.592888244,0.032656023,0.115384615,1378
Vanderbilt University,1525,Yes,7791,4690,1499,5500,90,17865,6525,630,952,93,98,5.8,26,23850,83,1,Tennessee,65400,119100,48,23,0.535472174,0.094750118,0.253113669,12686
Villanova University,1420,Yes,7759,5588,1477,6362,1292,15925,6507,400,300,89,90,13.4,24,10458,96,7,Pennsylvania,65100,119500,41,23,0.51625524,0.033348859,0.202608291,10735
Virginia Commonwealth University,1185,No,4963,3497,1567,10262,5065,10217,4182,500,3630,81,87,8.7,11,11183,45,16,Virginia,49900,88200,52,18,0.579065093,0.054201245,0.383558091,30848
Virginia State University,935,No,2996,2440,704,3006,338,5587,4845,500,600,61,63,16,11,5733,31,24,Virginia,44900,81800,61,14,0.59641791,0.002587065,0.879800995,5025
Wabash College,1240,Yes,800,623,256,801,5,12925,4195,500,635,78,85,9.9,55,14904,72,3,Indiana,62200,114400,40,34,0,0.071274298,0.171706263,926
Wake Forest University,1425,Yes,5661,2392,903,3499,172,13850,4360,500,1250,95,97,4.3,37,41766,89,2,North Carolina,60700,114800,44,13,0.512583462,0.063045711,0.210323575,7788
Wartburg College,1085.5,Yes,1231,1074,345,1295,105,11600,3610,400,850,66,91,12.4,37,7735,67,12,Iowa,49300,88000,49,34,0.523780855,0.097531607,0.108368453,1661
Washington and Lee University,1470,Yes,3315,1096,425,1584,3,13750,4619,680,1115,81,96,9.6,45,15736,90,1,Virginia,65900,123200,40,18,,,,
Washington College,940,Yes,1209,942,214,822,46,15276,5318,500,300,79,86,11.2,37,10830,65,14,Maryland,52800,93500,55,21,,,,
Washington State University,1130,No,6540,5839,2440,14445,1344,8200,4210,800,2719,84,87,16.9,30,10912,56,5,Washington,55900,103700,50,20,0.513421181,0.06783797,0.265007321,28686
Wayne State College,1050,No,1373,1373,724,2754,474,2700,2660,540,1660,60,68,20.3,29,4550,52,18,Nebraska,40600,73400,54,11,0.573487032,0.00518732,0.122478386,3470
Webster University,1141.5,Yes,665,462,226,1739,1550,9160,4340,500,500,68,68,20.6,14,6951,48,15,Missouri,46500,83500,50,2,0.564315105,0.021170016,0.490130598,16769
Wellesley College,1470,Yes,2895,1249,579,2195,156,18345,5995,500,700,94,98,10.6,51,21409,91,18,Massachusetts,58900,106200,48,34,0.973740852,0.118381403,0.434782609,2323
Wentworth Institute of Technology,1235,Yes,1480,1257,452,2961,572,9850,6050,850,920,10,68,15.4,8,17858,64,15,Massachusetts,62700,112700,53,39,0.194383502,0.060114085,0.199429574,4558
Wesley College,1470,Yes,980,807,350,872,448,9890,4674,500,1350,52,57,14.4,15,6243,84,4,Delaware,45400,77300,50,2,,,,
Wesleyan University,1405,Yes,4772,1973,712,2714,27,19130,5600,1400,1400,90,94,12.1,39,16262,92,3,Connecticut,61600,117000,53,21,,,,
West Virginia Wesleyan College,1074,Yes,1566,1400,483,1509,170,14200,3775,450,1100,58,81,16.4,42,8080,67,5,West Virginia,47000,85200,53,21,0.560555923,0.047650563,0.134348114,1511
Western Carolina University,1145,No,3224,2519,1057,5000,706,6390,2380,110,1622,67,78,14.6,9,6554,55,25,North Carolina,44700,77700,58,8,0.563089963,0.026873435,0.165478713,10382
Western Michigan University,1110,No,9167,7191,2738,15739,4278,6940,4100,500,1700,80,84,24.7,11,5983,55,11,Michigan,50900,92200,47,16,0.510746843,0.077527808,0.207786234,23914
Western Washington University,1200,No,5548,3563,1549,8909,506,8124,4144,639,2385,83,89,22.7,10,7203,61,9,Washington,55000,99300,45,16,0.55564409,0.010424967,0.235524568,15060
Whitman College,1375,Yes,1861,998,359,1220,46,16670,4900,750,800,80,83,10.5,51,13198,72,7,Washington,54600,102600,53,33,0.562750334,0.038718291,0.200934579,1498
Widener University,1177.5,Yes,2139,1492,502,2186,2171,12350,5370,500,1350,88,86,12.6,19,9603,63,21,Pennsylvania,55700,100100,57,13,0.615228013,0.041938111,0.259364821,4912
Willamette University,820,Yes,1658,1327,395,1595,159,14800,4620,400,790,91,94,13.3,37,10779,68,6,Oregon,52200,97700,49,14,0.538129496,0.099640288,0.270503597,2780
William Jewell College,1180,Yes,663,547,315,1279,75,10060,2970,500,2600,74,80,11.2,19,7885,59,6,Missouri,51400,94500,60,12,0.6,0.043396226,0.161320755,1060
Williams College,1510,Yes,4186,1245,526,1988,29,19629,5790,500,1200,94,99,9,64,22014,99,5,Massachusetts,67500,127500,47,32,0.508466604,0.089840075,0.358419567,2126
Winona State University,1125,No,3325,2047,1301,5800,872,4200,2700,300,1200,53,60,20.2,18,5318,58,16,Minnesota,49700,86800,51,10,0.62540304,0.033279595,0.087286965,8684
Winthrop University,1097.5,No,2320,1805,769,3395,670,6400,3392,580,2150,71,80,12.8,26,6729,59,11,South Carolina,44300,79700,49,9,0.686918991,0.033366534,0.351095618,6024
Wisconsin Lutheran College,1090,Yes,152,128,75,282,22,9100,3700,500,1400,48,48,8.5,26,8960,50,20,Wisconsin,46200,82500,45,10,0.554707379,0.018659881,0.140797286,1179
Wittenberg University,1120,Yes,1979,1739,575,1980,144,15948,4404,400,800,82,95,12.8,29,10414,78,3,Ohio,52400,105400,61,22,0.569246436,0.023930754,0.15885947,1964
Wofford College,1257.5,Yes,1501,935,273,1059,34,12680,4150,605,1440,91,92,15.3,42,7875,75,4,South Carolina,51300,96600,51,28,0.513872135,0.023522316,0.171893848,1658
Worcester Polytechnic Institute,1325,Yes,2768,2314,682,2802,86,15884,5370,530,730,92,94,15.2,34,10774,82,3,Massachusetts,73600,135500,47,86,0.311706629,0.211565585,0.155304811,6381
Xavier University,1185,Yes,1959,1805,695,2849,1107,11520,4960,600,1250,73,75,13.3,31,9189,83,16,Ohio,51800,94000,46,7,,,,
Xavier University of Louisiana,1070,Yes,2097,1915,695,2793,166,6900,4200,617,781,67,75,14.4,20,8323,49,11,Louisiana,46700,88200,63,35,0.72547043,0.032258065,0.884072581,2976
Yale University,1530,Yes,10705,2453,1317,5217,83,19840,6510,630,2115,96,96,5.8,49,40386,99,1,Connecticut,70300,138300,53,22,0.489704929,0.193985084,0.30771725,12336
